accuracy	brier_score	cross_entropy	trim_cross_entropy	roc_auc	alpha_true	corrupt_frac	model
0.9841118923982962	0.012275022403127145	0.045665523027737645	0.005955208	0.9985974149727935	0.0	0.0	DGA-Baseline-PN-model-0.00
0.9839899976665866	0.012304943433798995	0.04705817265144086	0.004815687	0.9985885917157251	0.0	0.0	DGA-Baseline-PN-model-0.00
0.9837078984303441	0.01271927048285965	0.0484603938358078	0.005360185	0.9984979108472483	0.0	0.0	DGA-Baseline-PN-model-0.00
0.9847352437206581	0.011727367941248793	0.04359011329196603	0.0054854667	0.9986998585197657	0.0	0.0	DGA-Baseline-PN-model-0.00
0.9837113244082861	0.012562066451205976	0.04682387762750967	0.0073123183	0.9984879963177173	0.0	0.0	DGA-Baseline-PN-model-0.00
